Warehouse Number,Address,City,State,Zip Code
356,1205 N. Memorial Parkway,Huntsville,Alabama,35801-5930
362,3650 Galleria Circle,Hoover,Alabama,35244-2346
1009,8251 Eastchase Parkway,Montgomery,Alabama,36117
107,5225 Commercial Boulevard,Juneau,Alaska,99801-7210
10,330 West Dimond Blvd,Anchorage,Alaska,99515-1950
63,4125 DeBarr Road,Anchorage,Alaska,99508-3115
466,3911 Highway 69,Prescott,Arizona,86301-6717
431,3901 West Costco Drive,Tucson,Arizona,85741-2864
407,6255 East Grant Road,Tucson,Arizona,85712-5834
674,17550 N. 79th Ave.,Glendale,Arizona,85308-8711
644,2887 S Market St,Gilbert,Arizona,85296-6303
436,1445 West Elliot Road,Tempe,Arizona,85284-1103
427,15255 North Hayden Road,Scottsdale,Arizona,85260-2507
481,1415 North Arizona Avenue,Gilbert,Arizona,85233-1616
736,595 S Galleria Way,Chandler,Arizona,85226-4932
1028,1444 S Sossaman Rd,Mesa,Arizona,85209-3400
738,2450 E Beardsley Rd,Phoenix,Arizona,85050-1300
490,19001 N. 27th Ave,Phoenix,Arizona,85027-5036
827,3801 N. 33rd Avenue,Phoenix,Arizona,85017-4508
665,1646 W. Montebello,Phoenix,Arizona,85015-2557
465,4502 East Oak Street,Phoenix,Arizona,85008-2411
691,10000 W. McDowell Road,Avondale,Arizona,85323
1058,4570 E Cactus Rd,Phoenix,Arizona,85032
488,2345 Fenton Pkwy,San Diego,California,92108-4743
133,1300 Dana Drive,Redding,California,96003-4071
1011,2100 Dr Martin Luther King Jr Way,Chico,California,95928-4422
464,7981 East Stockton Boulevard,Sacramento,California,95823-9606
471,1600 Expo Parkway,Sacramento,California,95815-4228
1003,2299 Bronze Star Drive,Woodland,California,95776-5409
438,11260 White Rock Road,Rancho Cordova,California,95742-6571
29,6750 Stanford Ranch Road,Roseville,California,95678-1907
765,1800 Cavitt Court,Folsom,California,95630-6235,,,,
771,7000 Auburn Blvd,Citrus Heights,California,95621-4342,,,,
125,1006 West Wabash Avenue,Eureka,California,95501-2121,,,,
41,1900 Santa Rosa Avenue,Santa Rosa,California,95407-7636,,,,
661,3801 Pelandale Ave.,Modesto,California,95356-8300,,,,
142,1445 R Street,Merced,California,95340-5850,,,,
1031,2440 Daniels St,Manteca,California,95336-6745,,,,
38,1616 East Hammer Lane,Stockton,California,95210-4119,,,,
1004,1709 Automation Parkway,San Jose,California,95131-1866,,,,
470,5301 Almaden Expressway,San Jose,California,95118-3603,,,,
148,2201 Senter Road,San Jose,California,95112-2627,,,,
149,220 Sylvania Avenue,Santa Cruz,California,95060-2161,,,,
129,1601 Coleman Avenue,Santa Clara,California,95050-3100,,,,
141,300 Vintage Way,Novato,California,94945-5007,,,,
482,4801 Central Avenue,Richmond,California,94804-5878,,,,
132,198 Plaza Drive,Vallejo,California,94591-3702,,,,
453,5101 Business Center Drive,Fairfield,California,94585-1624
118,1900 Davis Street,San Leandro,California,94577-1209
146,2800 Independence Drive,Livermore,California,94550-7628
823,22330 Hathaway Avenue,Hayward,California,94541-4861
778,43621 Pacific Commons Blvd,Fremont,California,94538-3809
21,3150 Fostoria Way,Danville,California,94526-5553
1002,2201 Verne Roberts Circle,Antioch,California,94509-7911
147,1001 Metro Center Boulevard,Foster City,California,94404-2177
144,450 10th Street,San Francisco,California,94103-4304
423,150 Lawrence Station Road,Sunnyvale,California,94086-5328
422,451 South Airport Boulevard,South San Francisco,California,94080-6909
475,1600 El Camino Real,South San Francisco,California,94080-1206
143,1000 North Rengstorff Avenue,Mountain View,California,94043-1716
131,801 Tioga Avenue,Sand City,California,93955-3051
472,1339 North Davis Road,Salinas,California,93907-1988
31,4500 W Shaw,Fresno,California,93722-6200
135,380 West Ashlan Avenue,Clovis,California,93612-5611
762,1141 West Avenue L,Lancaster,California,93534-7077
24,1335 South Bradley,Santa Maria,California,93454-8006
741,1540 Froom Ranch Way,San Luis Obispo,California,93405-7211
1017,1405 W Cameron Ave,Visalia,California,93277-9527
474,7095 Market Place Drive,Goleta,California,93117-5905
420,2001 East Ventura Boulevard,Oxnard,California,93030-1813
445,22633 Savi Ranch Parkway,Yorba Linda,California,92887-4664
432,480 McKinley Street,Corona,California,92879-1291
126,11000 Garden Grove Boulevard,Garden Grove,California,92843-1206
418,900 South Harbor Boulevard,Fullerton,California,92832-3098
122,2655 El Camino Real,Tustin,California,92782-8918
1001,2700 Park Ave,Tustin,California,92782-2708
411,17900 Newhope Street,Fountain Valley,California,92708-5404
28,27972 Cabot Road,Laguna Niguel,California,92677-1211
429,33961 Doheny Park Road,San Juan Capistrano,California,92675-4836
454,115 Technology West Drive,Irvine,California,92618-2408
455,12700 Day Street,Moreno Valley,California,92553-7531
746,29315 Central Ave,Lake Elsinore,California,92532-2212
478,1099 East Hospitality Lane,San Bernardino,California,92408-2836
1010,14555 Valley Center Drive,Victorville,California,92392-4216
121,2030 North Imperial Avenue,El Centro,California,92243-1323
441,72-800 Dinah Shore Drive,Palm Desert,California,92211-0817
452,12350 Carmel Mountain Road,San Diego,California,92128-4697
483,650 Gateway Center Drive,San Diego,California,92102-4594
124,1755 Hacienda Drive,Vista,California,92081-4546
403,101 Town Center Parkway,Santee,California,92071-5899
775,12155 Tech Center Drive,Poway,California,92064-7156
462,951 Palomar Airport Road,Carlsbad,California,92011-1110
469,8125 Fletcher Parkway,La Mesa,California,91942-2934
781,1130 Broadway,Chula Vista,California,91911-2707
460,895 East H Street,Chula Vista,California,91910-7807
428,2207 West Commonwealth Avenue,Alhambra,California,91803-1302
1015,520 N Lone Hill Ave,San Dimas,California,91773-1725
686,9404 Central Avenue,Montclair,California,91763-2421
679,17550 Castleton St.,City of Industry,California,91748-1701
678,11800 4th Street,Rancho Cucamonga,California,91739-9318
473,13111 Peyton Drive,Chino Hills,California,91709-6002
412,1220 West Foothill Boulevard,Azusa,California,91702-2819
677,1051 Burbank Blvd.,Burbank,California,91506-1421
48,6100 Sepulveda Boulevard,Van Nuys,California,91411-2503
447,18649 Via Princessa,Santa Clarita,California,91387-4935
117,5700 Lindero Canyon Road,Westlake Village,California,91362-4063
437,8810 Tampa Avenue,Northridge,California,91324-3519
44,21300 Roscoe Boulevard,Canoga Park,California,91304-4200
424,2200 East Willow Street,Signal Hill,California,90806-2132
1050,340 Lakewood Center Mall,Lakewood,California,90712-2409
410,12324 Hoxie Avenue,Norwalk,California,90650-2266
459,1345 North Montebello Boulevard,Montebello,California,90640-2585
777,101 N Beach Blvd,La Habra,California,90631-4468
476,2751 Sky Park Drive,Torrance,California,90505-5351
769,3560 West Century Blvd,Inglewood,California,90303-1201
479,13463 Washington Boulevard,Marina del Rey,California,90292-5658
671,14501 Hindry Avenue,Hawthorne,California,90250-6748
130,2901 Los Feliz Boulevard,Los Angeles,California,90039-1502
694,1051 Hume Way,Vacaville,California,95687
782,2955 North Tegner Road,Turlock,California,95380
658,3250 W. Grant Line Road,Tracy,California,95377
760,7251 Camino Arroyo,Gilroy,California,95020
659,5901 Redwood Drive,Rohnert Park,California,94928
1061,28505 Hesperian Blvd,Hayward,California,94545
1042,2300 Middlefield Rd,Redwood City,California,94063
657,7100 N. Abby Street,Fresno,California,93720
643,4900 Panama Lane,Bakersfield,California,93308
688,3800 Rosedale Highway,Bakersfield,California,93308
690,27220 Heather Ridge Road,Laguna Niguel,California,92677
491,26610 Ynez Road,Temecula,California,92591
627,16505 Sierra Lakes Parkway,Fontana,California,92336
638,79795 Hwy 111,La Quinta,California,92253
401,4605 Morena Boulevard,San Diego,California,92117
578,7803 Othello Ave,San Diego,California,92111
1071,13550 W Paxton St,Pacoima,California,91331
748,5401 Katella Ave,Cypress,California,90720
564,12530 Prairie Ave,Hawthorne,California,90250
569,6333 Telegraph Rd,Commerce,California,90040
637,170 Cooley Mesa Rd,Gypsum,Colorado,81637-9707
1014,5885 Barnes Road,Colorado Springs,Colorado,80922-3512
1022,18414 Cottonwood Dr,Parker,Colorado,80138-8876
468,8686 Park Meadows Center Drive,Littleton,Colorado,80124-5129
443,7900 West Quincy Avenue,Littleton,Colorado,80123-2472
1027,4000 River Point Parkway,Sheridan,Colorado,80110-3316
440,6400 West 92nd Avenue,Westminster,Colorado,80031-2952
480,600 Marshall Road,Superior,Colorado,80027-9730
629,16375 N Washington St,Thornton,Colorado,80023-8907
439,1471 South Havana,Aurora,Colorado,80012-4013
676,5195 Wadsworth Blvd.,Arvada,Colorado,80002-4617
1030,5050 N Nevada Ave,Colorado Springs,Colorado,80918
324,779 Connecticut Ave,Norwalk,Connecticut,06854-1615
304,200 Federal Road,Brookfield,Connecticut,06804-2527
313,3600 East Main Street,Waterbury,Connecticut,06705-3851
312,1718 Boston Post Road,Milford,Connecticut,06460-2718
780,75 Freshwater Blvd,Enfield,Connecticut,06082-3854
246,900 Center Boulevard,Newark,Delaware,19702-3221
345,17800 Congress Avenue,Boca Raton,Florida,33487
354,6275 Naples Boulevard,Naples,Florida,34109-2030
621,10088 Gulf Center Drive,Fort Myers,Florida,33913-8961
351,7171 Cypress Lake Drive,Fort Myers,Florida,33907-6521
358,10921 Causeway Blvd.,Brandon,Florida,33511-2903
180,1873 West Lantana Road,Lantana,Florida,33462-2698
623,11001 Southern Blvd - Ste 160,Royal Palm Beach,Florida,33411-4240
93,3250 Northlake Boulevard,Lake Park,Florida,33403-1702
91,1890 South University Drive,Davie,Florida,33324-5847
1023,13450 SW 120th St,Kendall,Florida,33186-7393
182,14585 Biscayne Boulevard,North Miami Beach,Florida,33181-1209
92,8300 Park Boulevard,Miami,Florida,33126-3832
88,1800 West Sample Road,Pompano Beach,Florida,33064-1324
742,15915 Pines Blvd,Pembroke Pines,Florida,33027-1201
181,16580 NW 59th Avenue,Miami,Florida,33014-5611
184,2101 Water Bridge Blvd,Orlando,Florida,32837-9283
185,3333 University Boulevard,Winter Park,Florida,32792-7428
183,741 Orange Avenue,Altamonte Springs,Florida,32714-3031
1026,4067 Lagniappe Way,Tallahassee,Florida,32317-1201
357,4901 Gate Parkway,Jacksonville,Florida,32246-4405
336,2655 Gulf to Bay Blvd.,Clearwater,Florida,33759
1083,100 Cobb Parkway,Ringgold,Georgia,30742
366,1550 Mall of Georgia Blvd,Buford,Georgia,30519-6551
631,2900 Cumberland Mall,Atlanta,Georgia,30339-8107
188,6350 Peachtree Dunwoody Rd N.E.,Atlanta,Georgia,30328-4527
186,1700 Mount Zion Road,Morrow,Georgia,30260-3014
189,645 Barrett Parkway,Kennesaw,Georgia,30144-4922
187,3980 Venture Drive,Duluth,Georgia,30096-5077
743,2855 Jordan Ct,Alpharetta,Georgia,30004-3869
1084,500 Brookhaven Ave,Atlanta,Georgia,30319
140,73-5600 Maiau Street,Kailua-Kona (Hawaii),Hawaii,96740-2630
120,333A Keahole Street,Honolulu (Oahu),Hawaii,96825-3428
485,94-1231 Ka Uka Blvd,Waipahu (Oahu),Hawaii,96797-4495
640,4300 Nuhou St,Lihue,Hawaii,96766-8002
119,540 Haleakala Highway,Kahului (Maui),Hawaii,96732-2302
1038,4589 Kapolei Parkway,Kapolei (Oahu),Hawaii,96707-1879
687,525 Alakawa Street,Iwilei (Oahu),Hawaii,96817
773,355 East Neider Avenue,Coeur D\'Alene,Idaho,83815-3723
761,2051 S. Cole Road,Boise,Idaho,83709-2815
734,16700 N Marketplace Blvd,Nampa,Idaho,83687-7909
145,731 Pole Line Road,Twin Falls,Idaho,83301-3036
1033,305 West Quinn Rd,Pocatello,Idaho,83201-4988
383,7311 North Melvina Ave,Niles,Illinois,60714-3905
381,7300 S. Cicero Ave,Bedford Park,Illinois,60629-5817
380,2746 N. Clybourn Avenue,Chicago,Illinois,60614-1006
388,1901 West 22nd Street,Oak Brook,Illinois,60523-1785
647,9915 W 159th St,Orland Park,Illinois,60467-4572
387,1375 North Meacham Rd,Schaumburg,Illinois,60173-4805
774,250 N. Randall Rd.,Lake in the Hills,Illinois,60156-5943
371,505 W. Army Trail Road,Bloomingdale,Illinois,60108-1391
378,680 S. Rand Road,Lake Zurich,Illinois,60047-3409
342,1320 S. Route 59,Naperville,Illinois,60564
1088,830 E Boughton Rd,Bolingbrook,Illinois,60440
1040,221 S. Randall Rd,St. Charles,Illinois,60174
1085,8400 W North Ave,Melrose Park,Illinois,60160
779,999 N. Elmhurst Road,Mount Prospect,Illinois,60056
1074,25901 Riverwoods Rd,Mettawa,Illinois,60045
348,2900 Patriot Blvd,Glenview,Illinois,60026
370,1310 E. 79th Ave,Merrillville,Indiana,46410-5768
347,9010 Michigan Road,Indianapolis,Indiana,46268
346,6110 East 86th Street,Castleton,Indiana,46250
788,7205 Mills Civic Parkway,West Des Moines,Iowa,50266-8140
349,9350 Marshall Drive,Lenexa,Kansas,66215-3845
369,12221 Blue Valley Parkway,Overland Park,Kansas,66213
634,5020 Norton Healthcare Blvd,Louisville,Kentucky,40241-2835
1078,2400 Five Lees Lane,Lanham,Maryland,20706
330,10 Monocacy Blvd.,Frederick,Maryland,21701-6554
208,9919 Pulaski Highway,Baltimore,Maryland,21220-1423
325,7077 Arundel Mills Circle,Hanover,Maryland,21076-1387
1000,6675 Marie Curie Drive,Elkridge,Maryland,21075-6457
203,575 East Ordnance Road,Glen Burnie,Maryland,21060-6575
213,880 Russell Avenue,Gaithersburg,Maryland,20879-3506
214,10925 Baltimore Avenue (Route 1),Beltsville,Maryland,20705-2117
1039,16006 Crain Highway SE,Brandywine,Maryland,20613-8081
308,71 Second Avenue,Waltham,Massachusetts,02451-1107
303,120 Stockwell Drive,Avon,Massachusetts,02322-1149
319,400 Commercial Circle,Dedham,Massachusetts,02026-2635
301,11 Newbury Street (Route 1),Danvers,Massachusetts,01923-1014
302,119 Daggett Drive,West Springfield,Massachusetts,01089-4672
333,2 Mystic View Road,Everett,Massachusetts,2149
784,5100 28th Street SE,Grand Rapids,Michigan,49512-2049
744,4901 Wilson Avenue,Wyoming,Michigan,49418-8788
376,400 Brown Road,Auburn Hills,Michigan,48326-1305
374,45460 Market Street,Shelby Township,Michigan,48315-6204
1037,2343 South Telegraph Rd,Bloomfield,Michigan,48302-0254
391,20000 Haggerty Rd,Livonia,Michigan,48152-1011
390,13700 Middlebelt Road,Livonia,Michigan,48150-2215
786,6700 Whitmore Lake Rd,Brighton,Michigan,48116-2160
393,30550 Stephenson Highway,Madison Heights,Michigan,48071-1611
394,27118 Gratiot Avenue,Roseville,Michigan,48066-2915
341,3000 Commerce Crossing,Commerce Tnshp,Michigan,48390
372,12547 Riverdale Blvd.,Coon Rapids,Minnesota,55448-6708
377,5801 16th Street West,St. Louis Park,Minnesota,55416-1446
648,11330 Fountains Dr N,Maple Grove,Minnesota,55369-7200
783,12011 Technology Drive,Eden Prairie,Minnesota,55344-3620
1021,1431 Beam Ave,Maplewood,Minnesota,55109-1064
1087,14050 Burnhaven Dr,Burnsville,Minnesota,55337
375,241 East Linwood Blvd,Kansas City,Missouri,64111-1119
373,19040 E. Valley View Pkwy,Independence,Missouri,64055-7004
382,200 Costco Way,St. Peters,Missouri,63376-4385
368,4200 Rusty Road,St. Louis,Missouri,63128-1973
1060,301 Highlands Blvd Drive,Manchester,Missouri,63011
745,2330 US Highway 93 N,Kalispell,Montana,59901-2547
67,3220 Northern Pacific Avenue,Missoula,Montana,59808-1338
96,2505 Catron Street,Bozeman,Montana,59718-7993
633,2195 E Custer Ave,Helena,Montana,59602-1217
69,2290 King Avenue West,Billings,Montana,59102-7415
1012,12300 West Dodge Rd,Omaha,Nebraska,68154-2382
127,700 Old Clear Creek Road,Carson City,Nevada,89705-6853
25,2200 Harvard Way,Reno,Nevada,89502-4000
646,4810 Galleria Parkway,Sparks,Nevada,89436-9605
685,801 S. Pavilion Center Drive,Las Vegas,Nevada,89144-4566
737,6555 N Decatur Blvd,Las Vegas,Nevada,89131-2796
563,222 S Martin Luther King Blvd,Las Vegas,Nevada,89106-4305
673,791 Marks Street,Henderson,Nevada,89014-8601
307,311 Daniel Webster Highway,Nashua,New Hampshire,03060-5702
323,2210 Route 27 North,Edison,New Jersey,08817-3314
322,325 Promenade Blvd.,Bridgewater,New Jersey,08807-3457
739,465 Route 70,Brick,New Jersey,08723-4049
749,100 Centerton Road,Mount Laurel,New Jersey,08054-6103
1025,245 Stafford Park Blvd,Stafford Township,New Jersey,08050-2734
244,156 SR-10 West,East Hanover,New Jersey,07936-2107
315,315 Route 15,Wharton,New Jersey,07885-1224
222,2835 Route 35 South,Hazlet,New Jersey,07730-1516
231,80 South River Street,Hackensack,New Jersey,07601-7110
221,77 Willowbrook Boulevard,Wayne,New Jersey,07470-7055
320,1055 Hudson St,Union,New Jersey,07083-6809
306,20 Bridewell Place,Clifton,New Jersey,07014-1724
667,500 Eubank Blvd SE,Albuquerque,New Mexico,87123-3338
1016,9955 Coors Bypass NW,Albuquerque,New Mexico,87114-5963
116,1420 Renaissance Boulevard NE,Albuquerque,New Mexico,87107-6811
206,3000 Middle Country Road,Nesconset,New York,11767-1072
237,625 Broadhollow Road,Melville,New York,11747-5007
230,125 Beacon Drive,Holbrook,New York,11741-4309
240,10 Garret Place,Commack,New York,11725-5421
226,1250 Old Country Road,Westbury,New York,11590-5641
310,605 Rockaway Turnpike,Lawrence,New York,11559-1029
318,976 3rd Avenue,Brooklyn,New York,11232-2400
243,32-50 Vernon Boulevard,Long Island City,New York,11106-4927
305,50 Overlook Boulevard,Nanuet,New York,10954-5292
241,1 Industrial Lane,New Rochelle,New York,10805-1203
321,20 Stew Leonard Drive,Yonkers,New York,10710-7202
316,2975 Richmond Avenue,Staten Island,New York,10314-5851
1070,61-35 Junction Boulevard,Rego Park,New York,11374
326,1 Westchester Ave.,Port Chester,New York,10573
1062,517 E 117th St,New York,New York,10035
635,5351 Gingerwood Dr,Wilmington,North Carolina,28405-3091
359,500 Tyvola Road,Charlotte,North Carolina,28217-3504
367,2125 Matthews Township Pkwy,Matthews,North Carolina,28105-5766
249,1510 North Pointe Drive,Durham,North Carolina,27705-3405
645,2838 Wake Forest Rd,Raleigh,North Carolina,27609-7840
339,4201 West Wendover Ave,Greensboro,North Carolina,27407-1908
361,1085 Hanes Mall Blvd.,Winston Salem,North Carolina,27103-1310
384,9691 Waterstone Blvd,Cincinnati,Ohio,45249-8220
379,1100 East Kemper Road,Springdale,Ohio,45246-3321
344,1409 Golden Gate Blvd.,Cleveland,Ohio,44124-1808
1007,3405 West Central Ave,Toledo,Ohio,43606-1402
632,1500 Gemini Place,Columbus,Ohio,43240-7002
625,16690 Royalton Rd,Strongsville,Ohio,44136
343,35804 Detroit Road,Avon,Ohio,44011
101,2500 Northeast Highway 20,Bend,Oregon,97701-6277
65,3639 Crater Lake Highway,Medford,Oregon,97504-9259
17,2828 Chad Drive,Eugene,Oregon,97408-7337
682,3130 Killdeer Ave,Albany,Oregon,97321-5325
68,1010 Hawthorne Avenue SE,Salem,Oregon,97301-5090
2,4849 NE 138th Ave,Portland,Oregon,97230-3401
111,7855 SW Dartmouth Ave,Tigard,Oregon,97223-8401
692,1255 NE 48th Ave,Hillsboro,Oregon,97124-5008
766,25900 SW Heather Place,Wilsonville,Oregon,97070-5785
97,13130 SE 84th Avenue,Clackamas,Oregon,97015-9733
9,15901 SW Jenkins,Aloha,Oregon,97006-5098
1073,4141 NE Stephens,Roseburg,Oregon,97470
1059,1804 SE Ensign Lane,Warrenton,Oregon,97146
248,740 Upper State Road,North Wales,Pennsylvania,19454-1403
245,201 Allendale Road,King of Prussia,Pennsylvania,19406-1634
317,1875 Hempstead Road,Lancaster,Pennsylvania,17601-5671
327,5125 Jonestown Road Suite 221,Harrisburg,Pennsylvania,17112-2983
328,1050 Cranberry Square Drive,Cranberry Township,Pennsylvania,16066-6142
649,501 W Waterfront Dr,West Homestead,Pennsylvania,15120-5009
332,202 Costco Drive,Pittsburgh,Pennsylvania,15205
1005,1021 Woodruff Rd,Greenville,South Carolina,29607-4108
338,1021 Oak Forest Lane,Myrtle Beach,South Carolina,29577-9795
360,3050 Ashley Town Center,Charleston,South Carolina,29414-5664
1008,211 W Blackstock Rd,Spartanburg,South Carolina,29301-1382
353,3775 Hacks Cross Road,Memphis,Tennessee,38125-2302
352,2431 North Germantown Parkway,Cordova,Tennessee,38016-4494
630,6670 Charlotte Pike,Nashville,Tennessee,37209-4202
386,98 Seaboard Lane,Brentwood,Tennessee,37027-2930
681,10401 Research Blvd,Austin,Texas,78759-5712
689,5611 Utsa Blvd,San Antonio,Texas,78249-1619
1006,15330 IH-35 North,Selma,Texas,78154-3814
675,12405 N. Gessner Rd.,Houston,Texas,77064-1170
680,1150 Bunker Hill Road,Houston,Texas,77055-6208
1018,3836 Richmond Ave,Houston,Texas,77027-5802
489,5300 Overton Ridge Blvd,Fort Worth,Texas,76132-3301
669,2601 E. State Hwy 114,Southlake,Texas,76092-6668
668,600 West Arbrook Blvd,Arlington,Texas,76014-3702
684,1701 Dallas Pkwy,Plano,Texas,75093-4520
664,3800 N. Central Expressway,Plano,Texas,75074-2221
683,851 S. State Hwy 121,Lewisville,Texas,75067-4158
768,6101 Gateway West Blvd,El Paso,Texas,79925
693,1201 N. Loop 1604 East,San Antonio,Texas,78232
636,250 West Highway 67,Duncanville,Texas,75137
1049,1225 State Hwy 276,Rockwall,Texas,75032
672,835 North 3050 East,St. George,Utah,84790-9041
770,3656 Wall Avenue,Ogden,Utah,84405-7101
622,3747 South 2700 West,West Valley,Utah,84119-4903
113,1818 South 300 West,Salt Lake City,Utah,84115-1805
484,648 East 800 South,Orem,Utah,84097-6528
487,11100 S. Auto Mall Drive,Sandy,Utah,84070-4171
733,198 North 1200 East,Lehi,Utah,84043-2294
735,573 West 100 North,West Bountiful,Utah,84010-7018
764,5201 South Intermountain Drive,Murray,Utah,84107
314,218 Lower Mountain View Drive,Colchester,Vermont,05446-5830
247,12121 Jefferson Avenue,Newport News,Virginia,23602-6916
202,850 Glenrock Road,Norfolk,Virginia,23502-3702
217,3700 Price Club Boulevard,Midlothian,Virginia,23112-3371
205,9650 West Broad Street,Glen Allen,Virginia,23060-4115
238,1830 Reservoir Street,Harrisonburg,Virginia,22801-8742
239,251 Front Royal Pike,Winchester,Virginia,22602-7319
233,1200 South Fern Street,Arlington,Virginia,22202-2862
626,2700 Potomac Mills Circle - Ste 200,Woodbridge,Virginia,22192-4653
227,7373 Boston Boulevard,Springfield,Virginia,22153-2805
204,4725 West Ox Road,Fairfax,Virginia,22030-6101
337,1300 Edwards Ferry Road,Leesburg,Virginia,20176-3355
218,21398 Price/Cascades Plaza,Sterling,Virginia,20164-6607
334,14390 Chantilly Crossing Lane,Chantilly,Virginia,20151-2117
225,10701 Sudley Manor Drive,Manassas,Virginia,20109-2845
340,3102 Plank Road #600,Fredericksburg,Virginia,22407
8,8629 120th Avenue NE,Kirkland,Washington,98033-5865
103,301 Fifth Street,Clarkston,Washington,99403-1860
486,8505A W. Gage Blvd,Kennewick,Washington,99336-8120
670,5601 East Sprague Avenue,Spokane,Washington,99212-0826
66,7619 North Division Street,Spokane,Washington,99208-5613
1013,2310 Longfibre Rd,Union Gap,Washington,98903-1513
112,375 Highline Drive South,East Wenatchee,Washington,98802-5344
772,6720 NE 84th Street,Vancouver,Washington,98665-2016
740,1470 Marvin Rd NE,Lacey,Washington,98516-3870
64,5500 Littlerock Road,Tumwater,Washington,98512-7363
767,3900 20th St. East,Fife,Washington,98424-1818
95,2219 South 37th Street,Tacoma,Washington,98409-7473
13,10000 Mickelberry Rd. NW,Silverdale,Washington,98383-8302
639,955 West Washington St,Sequim,Washington,98382-3266
639,955 West Washington St,Sequim,Washington,98382-3266
660,1201 39th SW,Puyallup,Washington,98373-3803
642,16616 Twin Lakes Ave,Marysville,Washington,98271-4701
662,1725 S. Burlington Blvd,Burlington,Washington,98233-3223
19,4299 Guide Meridian Street,Bellingham,Washington,98226-6475
114,10200 19th Avenue SE,Everett,Washington,98208-4256
6,400 Costco Drive Suite 150,Tukwila,Washington,98188-4808
1,4401 4th Avenue South,Seattle,Washington,98134-2389
106,1175 North 205th Street,Seattle,Washington,98133-3206
747,24008 Snohomish-Woodinville Rd SE,Woodinville,Washington,98072-9743
115,19105 Highway 99,Lynnwood,Washington,98036-5228
110,1801 10th Avenue NW,Issaquah,Washington,98027-5384
61,35100 Enchanted Parkway South,Federal Way,Washington,98003-8314
1086,19610 SE 1st St,Vancouver,Washington,98607
624,10990 Harbor Hill Dr,Gig Harbor,Washington,98335
1029,27520 Covington Way SE,Covington,Washington,98042
1020,2150 Deming Way,Middleton,Wisconsin,53562-5507
628,950 Port Washington Rd,Grafton,Wisconsin,53024-9201